n,run,algo,temps
10,0,ford_fulkerson,0.00010909105185419321
10,0,pousser_reetiq,0.00010332895908504725
10,0,flot_cout_min,0.00016450905241072178
10,1,ford_fulkerson,3.563903737813234e-05
10,1,pousser_reetiq,6.052805110812187e-05
10,1,flot_cout_min,0.00014832697343081236
10,2,ford_fulkerson,4.661001730710268e-05
10,2,pousser_reetiq,0.00023697991855442524
10,2,flot_cout_min,0.00016714492812752724
10,3,ford_fulkerson,7.892400026321411e-05
10,3,pousser_reetiq,0.00022076803725212812
10,3,flot_cout_min,0.0001728850184008479
10,4,ford_fulkerson,1.8815044313669205e-05
10,4,pousser_reetiq,4.877406172454357e-05
10,4,flot_cout_min,5.430402234196663e-05
10,5,ford_fulkerson,3.136100713163614e-05
10,5,pousser_reetiq,6.719003431499004e-05
10,5,flot_cout_min,7.565692067146301e-05
10,6,ford_fulkerson,4.0569924749433994e-05
10,6,pousser_reetiq,5.566899199038744e-05
10,6,flot_cout_min,0.00012983102351427078
10,7,ford_fulkerson,4.6640983782708645e-05
10,7,pousser_reetiq,7.205002475529909e-05
10,7,flot_cout_min,0.00022370403166860342
10,8,ford_fulkerson,7.323198951780796e-05
10,8,pousser_reetiq,0.00026014598552137613
10,8,flot_cout_min,0.00017955899238586426
10,9,ford_fulkerson,5.1359995268285275e-05
10,9,pousser_reetiq,6.121897604316473e-05
10,9,flot_cout_min,0.00013817904982715845
10,10,ford_fulkerson,6.056798156350851e-05
10,10,pousser_reetiq,9.024504106491804e-05
10,10,flot_cout_min,0.00019037898164242506
10,11,ford_fulkerson,5.594897083938122e-05
10,11,pousser_reetiq,0.0002730499254539609
10,11,flot_cout_min,0.00012517301365733147
10,12,ford_fulkerson,1.5761004760861397e-05
10,12,pousser_reetiq,4.462699871510267e-05
10,12,flot_cout_min,7.123802788555622e-05
10,13,ford_fulkerson,3.012898378074169e-05
10,13,pousser_reetiq,0.00027764798142015934
10,13,flot_cout_min,9.83220525085926e-05
10,14,ford_fulkerson,4.914600867778063e-05
10,14,pousser_reetiq,0.00024208996910601854
10,14,flot_cout_min,0.00010930304415524006
10,15,ford_fulkerson,3.4337048418819904e-05
10,15,pousser_reetiq,9.09160589799285e-05
10,15,flot_cout_min,9.148800745606422e-05
10,16,ford_fulkerson,0.00012752797920256853
10,16,pousser_reetiq,0.00022081704810261726
10,16,flot_cout_min,0.00013072299771010876
10,17,ford_fulkerson,5.294207949191332e-05
10,17,pousser_reetiq,5.098897963762283e-05
10,17,flot_cout_min,3.45760490745306e-05
10,18,ford_fulkerson,2.154102548956871e-05
10,18,pousser_reetiq,3.457791171967983e-05
10,18,flot_cout_min,9.16880089789629e-05
10,19,ford_fulkerson,7.239100523293018e-05
10,19,pousser_reetiq,7.055699825286865e-05
10,19,flot_cout_min,0.00020009803120046854
10,20,ford_fulkerson,8.119700942188501e-05
10,20,pousser_reetiq,0.0002474000211805105
10,20,flot_cout_min,0.00019127200357615948
10,21,ford_fulkerson,2.690195105969906e-05
10,21,pousser_reetiq,0.0002701040357351303
10,21,flot_cout_min,3.5059056244790554e-05
10,22,ford_fulkerson,9.244994726032019e-05
10,22,pousser_reetiq,8.121703285723925e-05
10,22,flot_cout_min,0.00015447998885065317
10,23,ford_fulkerson,7.869303226470947e-05
10,23,pousser_reetiq,0.0002646840875968337
10,23,flot_cout_min,0.00012424110900610685
10,24,ford_fulkerson,3.0730036087334156e-05
10,24,pousser_reetiq,4.724203608930111e-05
10,24,flot_cout_min,5.9503945522010326e-05
10,25,ford_fulkerson,4.098901990801096e-05
10,25,pousser_reetiq,4.8814923502504826e-05
10,25,flot_cout_min,0.00011983292642980814
10,26,ford_fulkerson,5.612894892692566e-05
10,26,pousser_reetiq,5.924503784626722e-05
10,26,flot_cout_min,8.595699910074472e-05
10,27,ford_fulkerson,3.571901470422745e-05
10,27,pousser_reetiq,6.801204290241003e-05
10,27,flot_cout_min,0.0001501109218224883
10,28,ford_fulkerson,1.670198980718851e-05
10,28,pousser_reetiq,4.251301288604736e-05
10,28,flot_cout_min,3.8094003684818745e-05
10,29,ford_fulkerson,3.6310055293142796e-05
10,29,pousser_reetiq,0.0002750048879534006
10,29,flot_cout_min,0.00014849798753857613
10,30,ford_fulkerson,3.9767008274793625e-05
10,30,pousser_reetiq,0.00025478494353592396
10,30,flot_cout_min,5.264196079224348e-05
10,31,ford_fulkerson,1.51399290189147e-05
10,31,pousser_reetiq,5.962606519460678e-05
10,31,flot_cout_min,8.015602361410856e-05
10,32,ford_fulkerson,2.404698170721531e-05
10,32,pousser_reetiq,3.6088982596993446e-05
10,32,flot_cout_min,3.980705514550209e-05
10,33,ford_fulkerson,4.0329061448574066e-05
10,33,pousser_reetiq,5.9155048802495e-05
10,33,flot_cout_min,0.00017397699411958456
10,34,ford_fulkerson,2.5079003535211086e-05
10,34,pousser_reetiq,5.681102629750967e-05
10,34,flot_cout_min,6.672996096313e-05
10,35,ford_fulkerson,4.0368991903960705e-05
10,35,pousser_reetiq,5.9526064433157444e-05
10,35,flot_cout_min,0.00017416803166270256
10,36,ford_fulkerson,4.038889892399311e-05
10,36,pousser_reetiq,0.00022934505250304937
10,36,flot_cout_min,9.781005792319775e-05
10,37,ford_fulkerson,3.8183992728590965e-05
10,37,pousser_reetiq,0.0002692330162972212
10,37,flot_cout_min,5.572789814323187e-05
10,38,ford_fulkerson,3.6831945180892944e-05
10,38,pousser_reetiq,0.0002705350052565336
10,38,flot_cout_min,7.54969660192728e-05
10,39,ford_fulkerson,5.8665056712925434e-05
10,39,pousser_reetiq,0.00024827104061841965
10,39,flot_cout_min,5.9726997278630733e-05
10,40,ford_fulkerson,3.145006485283375e-05
10,40,pousser_reetiq,4.6359957195818424e-05
10,40,flot_cout_min,0.0001908610574901104
10,41,ford_fulkerson,6.685999687761068e-05
10,41,pousser_reetiq,0.00026129698380827904
10,41,flot_cout_min,0.00016751501243561506
10,42,ford_fulkerson,4.388601519167423e-05
10,42,pousser_reetiq,0.0002515879459679127
10,42,flot_cout_min,8.744909428060055e-05
10,43,ford_fulkerson,5.180004518479109e-05
10,43,pousser_reetiq,0.00028322997968643904
10,43,flot_cout_min,0.00017508002929389477
10,44,ford_fulkerson,2.9598013497889042e-05
10,44,pousser_reetiq,0.00023648899514228106
10,44,flot_cout_min,5.145103204995394e-05
10,45,ford_fulkerson,5.833292379975319e-05
10,45,pousser_reetiq,7.25410645827651e-05
10,45,flot_cout_min,0.00013217597734183073
10,46,ford_fulkerson,5.1791081205010414e-05
10,46,pousser_reetiq,7.345306221395731e-05
10,46,flot_cout_min,0.00011047394946217537
10,47,ford_fulkerson,2.3897038772702217e-05
10,47,pousser_reetiq,5.089899059385061e-05
10,47,flot_cout_min,5.1449984312057495e-05
10,48,ford_fulkerson,3.17420344799757e-05
10,48,pousser_reetiq,4.025793168693781e-05
10,48,flot_cout_min,9.928201325237751e-05
10,49,ford_fulkerson,4.236306995153427e-05
10,49,pousser_reetiq,6.167101673781872e-05
10,49,flot_cout_min,5.2190967835485935e-05
10,50,ford_fulkerson,4.5859022065997124e-05
10,50,pousser_reetiq,6.76510389894247e-05
10,50,flot_cout_min,0.00010577496141195297
10,51,ford_fulkerson,3.0760071240365505e-05
10,51,pousser_reetiq,0.0002488919999450445
10,51,flot_cout_min,3.275391645729542e-05
10,52,ford_fulkerson,6.424495950341225e-05
10,52,pousser_reetiq,0.0001985739218071103
10,52,flot_cout_min,0.0001495199976488948
10,53,ford_fulkerson,2.9879040084779263e-05
10,53,pousser_reetiq,0.00021968595683574677
10,53,flot_cout_min,8.649704977869987e-05
10,54,ford_fulkerson,5.090900231152773e-05
10,54,pousser_reetiq,7.216003723442554e-05
10,54,flot_cout_min,0.00015802693087607622
10,55,ford_fulkerson,7.391395047307014e-05
10,55,pousser_reetiq,8.844200056046247e-05
10,55,flot_cout_min,0.00020893407054245472
10,56,ford_fulkerson,6.18399353697896e-05
10,56,pousser_reetiq,0.0002897729864344001
10,56,flot_cout_min,6.937491707503796e-05
10,57,ford_fulkerson,1.5971018001437187e-05
10,57,pousser_reetiq,3.75120434910059e-05
10,57,flot_cout_min,3.747199662029743e-05
10,58,ford_fulkerson,5.54380239918828e-05
10,58,pousser_reetiq,7.172906771302223e-05
10,58,flot_cout_min,0.0001235899981111288
10,59,ford_fulkerson,8.644803892821074e-05
10,59,pousser_reetiq,8.059607353061438e-05
10,59,flot_cout_min,0.0002694730646908283
10,60,ford_fulkerson,4.890398122370243e-05
10,60,pousser_reetiq,4.73919790238142e-05
10,60,flot_cout_min,7.362302858382463e-05
10,61,ford_fulkerson,6.106903310865164e-05
10,61,pousser_reetiq,5.434500053524971e-05
10,61,flot_cout_min,0.00018447800539433956
10,62,ford_fulkerson,1.305597834289074e-05
10,62,pousser_reetiq,6.33730087429285e-05
10,62,flot_cout_min,3.849493805319071e-05
10,63,ford_fulkerson,4.363502375781536e-05
10,63,pousser_reetiq,0.0002117010299116373
10,63,flot_cout_min,9.11870738491416e-05
10,64,ford_fulkerson,4.279299173504114e-05
10,64,pousser_reetiq,0.00010049506090581417
10,64,flot_cout_min,7.819209713488817e-05
10,65,ford_fulkerson,7.814203854650259e-05
10,65,pousser_reetiq,0.00025687890592962503
10,65,flot_cout_min,0.0001827640226110816
10,66,ford_fulkerson,3.921601455658674e-05
10,66,pousser_reetiq,4.5316992327570915e-05
10,66,flot_cout_min,0.00010619591921567917
10,67,ford_fulkerson,3.385590389370918e-05
10,67,pousser_reetiq,0.00023662997409701347
10,67,flot_cout_min,0.000125132966786623
10,68,ford_fulkerson,3.265403211116791e-05
10,68,pousser_reetiq,7.894390728324652e-05
10,68,flot_cout_min,0.00019788299687206745
10,69,ford_fulkerson,4.980596713721752e-05
10,69,pousser_reetiq,5.32220583409071e-05
10,69,flot_cout_min,8.991500362753868e-05
10,70,ford_fulkerson,7.057597395032644e-05
10,70,pousser_reetiq,0.00018565100617706776
10,70,flot_cout_min,0.00023471703752875328
10,71,ford_fulkerson,5.924399010837078e-05
10,71,pousser_reetiq,6.07779948040843e-05
10,71,flot_cout_min,0.0001755499979481101
10,72,ford_fulkerson,3.0138995498418808e-05
10,72,pousser_reetiq,7.659895345568657e-05
10,72,flot_cout_min,8.974503725767136e-05
10,73,ford_fulkerson,4.761305171996355e-05
10,73,pousser_reetiq,9.345193393528461e-05
10,73,flot_cout_min,0.00026723905466496944
10,74,ford_fulkerson,4.1279010474681854e-05
10,74,pousser_reetiq,6.68190186843276e-05
10,74,flot_cout_min,8.241995237767696e-05
10,75,ford_fulkerson,7.207994349300861e-05
10,75,pousser_reetiq,0.00023537699598819017
10,75,flot_cout_min,0.00020136998500674963
10,76,ford_fulkerson,3.180198837071657e-05
10,76,pousser_reetiq,5.3724972531199455e-05
10,76,flot_cout_min,8.090690243989229e-05
10,77,ford_fulkerson,6.546708755195141e-05
10,77,pousser_reetiq,5.612894892692566e-05
10,77,flot_cout_min,0.000175922061316669
10,78,ford_fulkerson,4.8385001718997955e-05
10,78,pousser_reetiq,0.00027055502869188786
10,78,flot_cout_min,6.1009079217910767e-05
10,79,ford_fulkerson,6.0555990785360336e-05
10,79,pousser_reetiq,0.0002371600130572915
10,79,flot_cout_min,6.775092333555222e-05
10,80,ford_fulkerson,3.338500391691923e-05
10,80,pousser_reetiq,0.0002547249896451831
10,80,flot_cout_min,7.084792014211416e-05
10,81,ford_fulkerson,4.245189484208822e-05
10,81,pousser_reetiq,0.00023638899438083172
10,81,flot_cout_min,0.00013684597797691822
10,82,ford_fulkerson,5.536701064556837e-05
10,82,pousser_reetiq,0.0002735210582613945
10,82,flot_cout_min,6.315310019999743e-05
10,83,ford_fulkerson,2.8053997084498405e-05
10,83,pousser_reetiq,0.00028558308258652687
10,83,flot_cout_min,5.839299410581589e-05
10,84,ford_fulkerson,3.848504275083542e-05
10,84,pousser_reetiq,0.0002623980399221182
10,84,flot_cout_min,0.00014445895794779062
10,85,ford_fulkerson,6.933498661965132e-05
10,85,pousser_reetiq,0.00017899693921208382
10,85,flot_cout_min,0.00010132696479558945
10,86,ford_fulkerson,4.895497113466263e-05
10,86,pousser_reetiq,7.346202619373798e-05
10,86,flot_cout_min,9.408395271748304e-05
10,87,ford_fulkerson,5.834398325532675e-05
10,87,pousser_reetiq,0.00022795202676206827
10,87,flot_cout_min,0.000101707992143929
10,88,ford_fulkerson,3.991695120930672e-05
10,88,pousser_reetiq,7.100694347172976e-05
10,88,flot_cout_min,0.00018721306696534157
10,89,ford_fulkerson,3.1390925869345665e-05
10,89,pousser_reetiq,5.7541998103260994e-05
10,89,flot_cout_min,4.469708073884249e-05
10,90,ford_fulkerson,8.394394535571337e-05
10,90,pousser_reetiq,0.00023642904125154018
10,90,flot_cout_min,0.00014417001511901617
10,91,ford_fulkerson,3.84750310331583e-05
10,91,pousser_reetiq,0.00025898299645632505
10,91,flot_cout_min,6.448500789701939e-05
10,92,ford_fulkerson,2.0259059965610504e-05
10,92,pousser_reetiq,6.974500138312578e-05
10,92,flot_cout_min,9.781902190297842e-05
10,93,ford_fulkerson,0.00010281894356012344
10,93,pousser_reetiq,0.00018665206152945757
10,93,flot_cout_min,0.00017499097157269716
10,94,ford_fulkerson,4.126993007957935e-05
10,94,pousser_reetiq,5.90150011703372e-05
10,94,flot_cout_min,8.661800529807806e-05
10,95,ford_fulkerson,3.508699592202902e-05
10,95,pousser_reetiq,4.909501876682043e-05
10,95,flot_cout_min,5.7971919886767864e-05
10,96,ford_fulkerson,7.145002018660307e-05
10,96,pousser_reetiq,0.00026259105652570724
10,96,flot_cout_min,0.00027302897069603205
10,97,ford_fulkerson,4.248309414833784e-05
10,97,pousser_reetiq,0.0002999819116666913
10,97,flot_cout_min,7.115793414413929e-05
10,98,ford_fulkerson,6.581796333193779e-05
10,98,pousser_reetiq,7.104896940290928e-05
10,98,flot_cout_min,0.00011906097643077374
10,99,ford_fulkerson,3.6010053008794785e-05
10,99,pousser_reetiq,9.294203482568264e-05
10,99,flot_cout_min,0.00012757792137563229
20,0,ford_fulkerson,0.00020612997468560934
20,0,pousser_reetiq,0.0002162690507248044
20,0,flot_cout_min,0.0011485989671200514
20,1,ford_fulkerson,0.00022203102707862854
20,1,pousser_reetiq,0.00022975599858909845
20,1,flot_cout_min,0.0008204319747164845
20,2,ford_fulkerson,0.00011762697249650955
20,2,pousser_reetiq,0.0001894179731607437
20,2,flot_cout_min,0.0006144719664007425
20,3,ford_fulkerson,0.00017303600907325745
20,3,pousser_reetiq,0.0002276119776070118
20,3,flot_cout_min,0.0004134520422667265
20,4,ford_fulkerson,0.00028856005519628525
20,4,pousser_reetiq,0.0002492939820513129
20,4,flot_cout_min,0.0010233649518340826
20,5,ford_fulkerson,0.0001498610945418477
20,5,pousser_reetiq,0.00020275404676795006
20,5,flot_cout_min,0.001047543017193675
20,6,ford_fulkerson,0.00024505495093762875
20,6,pousser_reetiq,0.0019458949100226164
20,6,flot_cout_min,0.001453812001273036
20,7,ford_fulkerson,0.00027872202917933464
20,7,pousser_reetiq,0.0020836140029132366
20,7,flot_cout_min,0.0013543479144573212
20,8,ford_fulkerson,0.0001758210128173232
20,8,pousser_reetiq,0.0001660119742155075
20,8,flot_cout_min,0.0012613779399544
20,9,ford_fulkerson,0.0004015100421383977
20,9,pousser_reetiq,0.0018478459678590298
20,9,flot_cout_min,0.0031430000672116876
20,10,ford_fulkerson,0.00042175804264843464
20,10,pousser_reetiq,0.0022190059535205364
20,10,flot_cout_min,0.001944313058629632
20,11,ford_fulkerson,0.00022969592828303576
20,11,pousser_reetiq,0.00026365206576883793
20,11,flot_cout_min,0.001111527904868126
20,12,ford_fulkerson,0.00019375700503587723
20,12,pousser_reetiq,0.00026061595417559147
20,12,flot_cout_min,0.0020830020075663924
20,13,ford_fulkerson,0.0002822889946401119
20,13,pousser_reetiq,0.0019861350301653147
20,13,flot_cout_min,0.0005014430498704314
20,14,ford_fulkerson,0.00034781498834490776
20,14,pousser_reetiq,0.0018020980060100555
20,14,flot_cout_min,0.0011832149466499686
20,15,ford_fulkerson,0.00018203305080533028
20,15,pousser_reetiq,0.00019447703380137682
20,15,flot_cout_min,0.0015569119714200497
20,16,ford_fulkerson,0.00011135695967823267
20,16,pousser_reetiq,0.00016670289915055037
20,16,flot_cout_min,0.0011370070278644562
20,17,ford_fulkerson,0.00013423094060271978
20,17,pousser_reetiq,0.00018750398885458708
20,17,flot_cout_min,0.001185599947348237
20,18,ford_fulkerson,0.0005713490536436439
20,18,pousser_reetiq,0.001959583954885602
20,18,flot_cout_min,0.0026591509813442826
20,19,ford_fulkerson,9.049603249877691e-05
20,19,pousser_reetiq,0.00013932003639638424
20,19,flot_cout_min,0.0004856620216742158
20,20,ford_fulkerson,0.0003211930161342025
20,20,pousser_reetiq,0.0019137149211019278
20,20,flot_cout_min,0.0009099970338866115
20,21,ford_fulkerson,0.00030862900894135237
20,21,pousser_reetiq,0.0019543120870366693
20,21,flot_cout_min,0.000800883979536593
20,22,ford_fulkerson,0.00013888906687498093
20,22,pousser_reetiq,0.00018677301704883575
20,22,flot_cout_min,0.0007626699516549706
20,23,ford_fulkerson,0.00036860594991594553
20,23,pousser_reetiq,0.0020439160289242864
20,23,flot_cout_min,0.0021779360249638557
20,24,ford_fulkerson,0.00031288794707506895
20,24,pousser_reetiq,0.0019636499928310513
20,24,flot_cout_min,0.0015738640213385224
20,25,ford_fulkerson,0.00022914400324225426
20,25,pousser_reetiq,0.00015670398715883493
20,25,flot_cout_min,0.0015656379982829094
20,26,ford_fulkerson,0.00032775604631751776
20,26,pousser_reetiq,0.00021587905939668417
20,26,flot_cout_min,0.0009997289162129164
20,27,ford_fulkerson,0.0003441179869696498
20,27,pousser_reetiq,0.0017820779467001557
20,27,flot_cout_min,0.0014194229152053595
20,28,ford_fulkerson,0.0002808950375765562
20,28,pousser_reetiq,0.00022284197621047497
20,28,flot_cout_min,0.0016631679609417915
20,29,ford_fulkerson,0.0005700769834220409
20,29,pousser_reetiq,0.002019910025410354
20,29,flot_cout_min,0.001833037007600069
20,30,ford_fulkerson,0.0002224120544269681
20,30,pousser_reetiq,0.00036329496651887894
20,30,flot_cout_min,0.001810041954740882
20,31,ford_fulkerson,0.0003860890865325928
20,31,pousser_reetiq,0.002028327086009085
20,31,flot_cout_min,0.0012752340408042073
20,32,ford_fulkerson,0.00027686706744134426
20,32,pousser_reetiq,0.00025512499269098043
20,32,flot_cout_min,0.0010648759780451655
20,33,ford_fulkerson,0.0002565080067142844
20,33,pousser_reetiq,0.00021852506324648857
20,33,flot_cout_min,0.001093131024390459
20,34,ford_fulkerson,0.00039372406899929047
20,34,pousser_reetiq,0.001992646954022348
20,34,flot_cout_min,0.0017510679317638278
20,35,ford_fulkerson,0.00017223309259861708
20,35,pousser_reetiq,0.00023215997498482466
20,35,flot_cout_min,0.0013519030762836337
20,36,ford_fulkerson,0.00031083403155207634
20,36,pousser_reetiq,0.001869719009846449
20,36,flot_cout_min,0.0012090670643374324
20,37,ford_fulkerson,0.0002655769931152463
20,37,pousser_reetiq,0.001991936005651951
20,37,flot_cout_min,0.0015597969759255648
20,38,ford_fulkerson,0.00020906503777951002
20,38,pousser_reetiq,0.0002403060207143426
20,38,flot_cout_min,0.0014062291011214256
20,39,ford_fulkerson,0.0002823969116434455
20,39,pousser_reetiq,0.00019112997688353062
20,39,flot_cout_min,0.001116046099923551
20,40,ford_fulkerson,0.00021713098976761103
20,40,pousser_reetiq,0.0022750640055164695
20,40,flot_cout_min,0.0013076569885015488
20,41,ford_fulkerson,0.00037334393709897995
20,41,pousser_reetiq,0.0002437429502606392
20,41,flot_cout_min,0.0017689830856397748
20,42,ford_fulkerson,0.0003371459897607565
20,42,pousser_reetiq,0.001975013059563935
20,42,flot_cout_min,0.0014912839978933334
20,43,ford_fulkerson,0.00011787901166826487
20,43,pousser_reetiq,0.00016428891103714705
20,43,flot_cout_min,0.0007376010762527585
20,44,ford_fulkerson,0.00024007691536098719
20,44,pousser_reetiq,0.0019222709815949202
20,44,flot_cout_min,0.0024414979852735996
20,45,ford_fulkerson,0.00015097297728061676
20,45,pousser_reetiq,0.0001569350715726614
20,45,flot_cout_min,0.0010816589929163456
20,46,ford_fulkerson,0.00016996008343994617
20,46,pousser_reetiq,0.0003135079750791192
20,46,flot_cout_min,0.0019944399828091264
20,47,ford_fulkerson,0.0003130589611828327
20,47,pousser_reetiq,0.0002507970202714205
20,47,flot_cout_min,0.002607950009405613
20,48,ford_fulkerson,0.0001798280281946063
20,48,pousser_reetiq,0.00027784903068095446
20,48,flot_cout_min,0.000959611963480711
20,49,ford_fulkerson,0.00019042997155338526
20,49,pousser_reetiq,0.002035861019976437
20,49,flot_cout_min,0.0007496759062632918
20,50,ford_fulkerson,0.0002186349593102932
20,50,pousser_reetiq,0.00022915401495993137
20,50,flot_cout_min,0.0008574249222874641
20,51,ford_fulkerson,0.0002833589678630233
20,51,pousser_reetiq,0.00028425094205886126
20,51,flot_cout_min,0.002344449982047081
20,52,ford_fulkerson,0.0003330460749566555
20,52,pousser_reetiq,0.0021108969813212752
20,52,flot_cout_min,0.0010743250604718924
20,53,ford_fulkerson,0.0002633100375533104
20,53,pousser_reetiq,0.0002114499220624566
20,53,flot_cout_min,0.001903283060528338
20,54,ford_fulkerson,0.0002805129624903202
20,54,pousser_reetiq,0.00029031396843492985
20,54,flot_cout_min,0.0014195149997249246
20,55,ford_fulkerson,0.00025629799347370863
20,55,pousser_reetiq,0.00022983597591519356
20,55,flot_cout_min,0.0011257149744778872
20,56,ford_fulkerson,0.00046360003761947155
20,56,pousser_reetiq,0.001831535017117858
20,56,flot_cout_min,0.0018687560223042965
20,57,ford_fulkerson,0.0002957440447062254
20,57,pousser_reetiq,0.0019731889478862286
20,57,flot_cout_min,0.00220087100751698
20,58,ford_fulkerson,0.0002816059859469533
20,58,pousser_reetiq,0.00030009099282324314
20,58,flot_cout_min,0.001863826997578144
20,59,ford_fulkerson,9.419198613613844e-05
20,59,pousser_reetiq,0.0001655010273680091
20,59,flot_cout_min,0.0008756199385970831
20,60,ford_fulkerson,0.00014236499555408955
20,60,pousser_reetiq,0.00017708400264382362
20,60,flot_cout_min,0.0017248759977519512
20,61,ford_fulkerson,0.00042268901597708464
20,61,pousser_reetiq,0.00024252093862742186
20,61,flot_cout_min,0.001622358919121325
20,62,ford_fulkerson,0.00022296304814517498
20,62,pousser_reetiq,0.0020036179339513183
20,62,flot_cout_min,0.0006219370989128947
20,63,ford_fulkerson,0.00027688906993716955
20,63,pousser_reetiq,0.00023202900774776936
20,63,flot_cout_min,0.002864848938770592
20,64,ford_fulkerson,0.00036955811083316803
20,64,pousser_reetiq,0.0018915509572252631
20,64,flot_cout_min,0.002172676962800324
20,65,ford_fulkerson,0.0003072660183534026
20,65,pousser_reetiq,0.00019011797849088907
20,65,flot_cout_min,0.0016443310305476189
20,66,ford_fulkerson,0.0002722690114751458
20,66,pousser_reetiq,0.0020284170750528574
20,66,flot_cout_min,0.001126917079091072
20,67,ford_fulkerson,0.0002587320050224662
20,67,pousser_reetiq,0.00203683297149837
20,67,flot_cout_min,0.0017213200917467475
20,68,ford_fulkerson,0.0004992090398445725
20,68,pousser_reetiq,0.0017962660640478134
20,68,flot_cout_min,0.0019621880492195487
20,69,ford_fulkerson,0.00021404598373919725
20,69,pousser_reetiq,0.00022242101840674877
20,69,flot_cout_min,0.0018051530933007598
20,70,ford_fulkerson,0.00032446905970573425
20,70,pousser_reetiq,0.002299883053638041
20,70,flot_cout_min,0.002331976080313325
20,71,ford_fulkerson,0.00034963805228471756
20,71,pousser_reetiq,0.002284253016114235
20,71,flot_cout_min,0.0024776890641078353
20,72,ford_fulkerson,0.0002868060255423188
20,72,pousser_reetiq,0.001927501056343317
20,72,flot_cout_min,0.001751969917677343
20,73,ford_fulkerson,0.0004134520422667265
20,73,pousser_reetiq,0.0019853630801662803
20,73,flot_cout_min,0.0014168500201776624
20,74,ford_fulkerson,0.00022458494640886784
20,74,pousser_reetiq,0.00022584700491279364
20,74,flot_cout_min,0.0010841540060937405
20,75,ford_fulkerson,0.0002796510234475136
20,75,pousser_reetiq,0.002061291947029531
20,75,flot_cout_min,0.0011424570111557841
20,76,ford_fulkerson,0.0002989390632137656
20,76,pousser_reetiq,0.0020644570467993617
20,76,flot_cout_min,0.0034982780925929546
20,77,ford_fulkerson,0.0005297170719131827
20,77,pousser_reetiq,0.0017625209875404835
20,77,flot_cout_min,0.0017835010075941682
20,78,ford_fulkerson,0.0002473299391567707
20,78,pousser_reetiq,0.001992636010982096
20,78,flot_cout_min,0.0016114780446514487
20,79,ford_fulkerson,0.00024962599854916334
20,79,pousser_reetiq,0.002018307917751372
20,79,flot_cout_min,0.0017815980827435851
20,80,ford_fulkerson,0.00033776601776480675
20,80,pousser_reetiq,0.0018984948983415961
20,80,flot_cout_min,0.00116640399210155
20,81,ford_fulkerson,0.00045059400144964457
20,81,pousser_reetiq,0.0022434639977291226
20,81,flot_cout_min,0.0011874549090862274
20,82,ford_fulkerson,0.00014955096412450075
20,82,pousser_reetiq,0.0020514809293672442
20,82,flot_cout_min,0.0010181559482589364
20,83,ford_fulkerson,0.00021334493067115545
20,83,pousser_reetiq,0.00024678895715624094
20,83,flot_cout_min,0.001325181103311479
20,84,ford_fulkerson,0.0002403670223429799
20,84,pousser_reetiq,0.000262519926764071
20,84,flot_cout_min,0.0013076580362394452
20,85,ford_fulkerson,0.0003312829649075866
20,85,pousser_reetiq,0.002399396034888923
20,85,flot_cout_min,0.0015508289216086268
20,86,ford_fulkerson,0.0002481030533090234
20,86,pousser_reetiq,0.002124893944710493
20,86,flot_cout_min,0.0019724270096048713
20,87,ford_fulkerson,0.0003027269849553704
20,87,pousser_reetiq,0.00023773103021085262
20,87,flot_cout_min,0.0017702850745990872
20,88,ford_fulkerson,0.000354587915353477
20,88,pousser_reetiq,0.002278611995279789
20,88,flot_cout_min,0.0021760230883955956
20,89,ford_fulkerson,0.00025940395426005125
20,89,pousser_reetiq,0.0020828020060434937
20,89,flot_cout_min,0.0005664010532200336
20,90,ford_fulkerson,0.0002419609809294343
20,90,pousser_reetiq,0.00026485405396670103
20,90,flot_cout_min,0.0011302739148959517
20,91,ford_fulkerson,0.0001731659285724163
20,91,pousser_reetiq,0.00023873301688581705
20,91,flot_cout_min,0.001507626031525433
20,92,ford_fulkerson,0.0002037950325757265
20,92,pousser_reetiq,0.00019580998923629522
20,92,flot_cout_min,0.0012504060287028551
20,93,ford_fulkerson,0.0002657750155776739
20,93,pousser_reetiq,0.0018362540286034346
20,93,flot_cout_min,0.0013801089953631163
20,94,ford_fulkerson,9.144807700067759e-05
20,94,pousser_reetiq,0.0001850080443546176
20,94,flot_cout_min,0.0007052579894661903
20,95,ford_fulkerson,0.00022504699882119894
20,95,pousser_reetiq,0.00018839596305042505
20,95,flot_cout_min,0.0014652640093117952
20,96,ford_fulkerson,0.00041151896584779024
20,96,pousser_reetiq,0.0019651129841804504
20,96,flot_cout_min,0.0016668750904500484
20,97,ford_fulkerson,0.00020966690499335527
20,97,pousser_reetiq,0.00020331400446593761
20,97,flot_cout_min,0.0010269319172948599
20,98,ford_fulkerson,0.00029960204847157
20,98,pousser_reetiq,0.0020145990420132875
20,98,flot_cout_min,0.0009509560186415911
20,99,ford_fulkerson,0.00022704096045345068
20,99,pousser_reetiq,0.00024179997853934765
20,99,flot_cout_min,0.002226640935987234
40,0,ford_fulkerson,0.001727453083731234
40,0,pousser_reetiq,0.01654413598589599
40,0,flot_cout_min,0.010293676052242517
40,1,ford_fulkerson,0.0017137969844043255
40,1,pousser_reetiq,0.01645966200158
40,1,flot_cout_min,0.007787624024786055
40,2,ford_fulkerson,0.0011648100335150957
40,2,pousser_reetiq,0.0008688359521329403
40,2,flot_cout_min,0.025225201970897615
40,3,ford_fulkerson,0.0017059399979189038
40,3,pousser_reetiq,0.0011015780037268996
40,3,flot_cout_min,0.010569351958110929
40,4,ford_fulkerson,0.0016048949910327792
40,4,pousser_reetiq,0.0007246069144457579
40,4,flot_cout_min,0.008869803976267576
40,5,ford_fulkerson,0.0014218289870768785
40,5,pousser_reetiq,0.01668651308864355
40,5,flot_cout_min,0.00727110099978745
40,6,ford_fulkerson,0.0019417389994487166
40,6,pousser_reetiq,0.015945172985084355
40,6,flot_cout_min,0.009654825902543962
40,7,ford_fulkerson,0.001265786006115377
40,7,pousser_reetiq,0.0008897270308807492
40,7,flot_cout_min,0.021804925985634327
40,8,ford_fulkerson,0.0013986040139570832
40,8,pousser_reetiq,0.0009767459705471992
40,8,flot_cout_min,0.009440290043130517
40,9,ford_fulkerson,0.0021910419454798102
40,9,pousser_reetiq,0.015459440997801721
40,9,flot_cout_min,0.019606458954513073
40,10,ford_fulkerson,0.0016791989328339696
40,10,pousser_reetiq,0.015757790999487042
40,10,flot_cout_min,0.011520788073539734
40,11,ford_fulkerson,0.0017549260519444942
40,11,pousser_reetiq,0.014735605916939676
40,11,flot_cout_min,0.009795769932679832
40,12,ford_fulkerson,0.0014033239567652345
40,12,pousser_reetiq,0.015959340962581336
40,12,flot_cout_min,0.010675267083570361
40,13,ford_fulkerson,0.001243524020537734
40,13,pousser_reetiq,0.015587039990350604
40,13,flot_cout_min,0.01327663497067988
40,14,ford_fulkerson,0.00179923209361732
40,14,pousser_reetiq,0.014204874983988702
40,14,flot_cout_min,0.005944887059740722
40,15,ford_fulkerson,0.0014314979780465364
40,15,pousser_reetiq,0.014876210014335811
40,15,flot_cout_min,0.01548546098638326
40,16,ford_fulkerson,0.001451796037144959
40,16,pousser_reetiq,0.014308947953395545
40,16,flot_cout_min,0.010722959996201098
40,17,ford_fulkerson,0.0012607660610228777
40,17,pousser_reetiq,0.015677495044656098
40,17,flot_cout_min,0.009428557008504868
40,18,ford_fulkerson,0.001851873006671667
40,18,pousser_reetiq,0.015012604068033397
40,18,flot_cout_min,0.012786454986780882
40,19,ford_fulkerson,0.0014011189341545105
40,19,pousser_reetiq,0.014873685082420707
40,19,flot_cout_min,0.007202447042800486
40,20,ford_fulkerson,0.001991605036891997
40,20,pousser_reetiq,0.01545091497246176
40,20,flot_cout_min,0.012007490964606404
40,21,ford_fulkerson,0.0007192250341176987
40,21,pousser_reetiq,0.0008034380152821541
40,21,flot_cout_min,0.010882167960517108
40,22,ford_fulkerson,0.0005266120424494147
40,22,pousser_reetiq,0.000662075006403029
40,22,flot_cout_min,0.010522220050916076
40,23,ford_fulkerson,0.001202465035021305
40,23,pousser_reetiq,0.000738062895834446
40,23,flot_cout_min,0.007343229954130948
40,24,ford_fulkerson,0.0014635799452662468
40,24,pousser_reetiq,0.0009827270405367017
40,24,flot_cout_min,0.0060545390006154776
40,25,ford_fulkerson,0.0007314790273085237
40,25,pousser_reetiq,0.0006376870442181826
40,25,flot_cout_min,0.01291305001359433
40,26,ford_fulkerson,0.0016410739626735449
40,26,pousser_reetiq,0.014851382002234459
40,26,flot_cout_min,0.008603706955909729
40,27,ford_fulkerson,0.0012917460408061743
40,27,pousser_reetiq,0.0009558439487591386
40,27,flot_cout_min,0.007993042003363371
40,28,ford_fulkerson,0.0013124779798090458
40,28,pousser_reetiq,0.0010422930354252458
40,28,flot_cout_min,0.01951916003599763
40,29,ford_fulkerson,0.0015668299747630954
40,29,pousser_reetiq,0.0008972099749371409
40,29,flot_cout_min,0.015761455986648798
40,30,ford_fulkerson,0.0018109939992427826
40,30,pousser_reetiq,0.0008740259800106287
40,30,flot_cout_min,0.01406107796356082
40,31,ford_fulkerson,0.0017169630154967308
40,31,pousser_reetiq,0.000895606935955584
40,31,flot_cout_min,0.008268475998193026
40,32,ford_fulkerson,0.001904014963656664
40,32,pousser_reetiq,0.015924934996291995
40,32,flot_cout_min,0.010826110024936497
40,33,ford_fulkerson,0.0009797420352697372
40,33,pousser_reetiq,0.0007576000643894076
40,33,flot_cout_min,0.008463904960080981
40,34,ford_fulkerson,0.0013322449522092938
40,34,pousser_reetiq,0.000986294005997479
40,34,flot_cout_min,0.00644124997779727
40,35,ford_fulkerson,0.00116202502977103
40,35,pousser_reetiq,0.01651755499187857
40,35,flot_cout_min,0.010596545063890517
40,36,ford_fulkerson,0.0012126329820603132
40,36,pousser_reetiq,0.0007291249930858612
40,36,flot_cout_min,0.04614206496626139
40,37,ford_fulkerson,0.0016962419031187892
40,37,pousser_reetiq,0.0170109219616279
40,37,flot_cout_min,0.009002209058962762
40,38,ford_fulkerson,0.0012120009632781148
40,38,pousser_reetiq,0.01491145696491003
40,38,flot_cout_min,0.009787344024516642
40,39,ford_fulkerson,0.0017783620860427618
40,39,pousser_reetiq,0.016290253959596157
40,39,flot_cout_min,0.008325536968186498
40,40,ford_fulkerson,0.001398804015479982
40,40,pousser_reetiq,0.0009321500547230244
40,40,flot_cout_min,0.009793534991331398
40,41,ford_fulkerson,0.0011599611025303602
40,41,pousser_reetiq,0.0008356419857591391
40,41,flot_cout_min,0.00837239797692746
40,42,ford_fulkerson,0.0018513529794290662
40,42,pousser_reetiq,0.014961875043809414
40,42,flot_cout_min,0.012575424974784255
40,43,ford_fulkerson,0.0024642529897391796
40,43,pousser_reetiq,0.015402692020870745
40,43,flot_cout_min,0.017079424927942455
40,44,ford_fulkerson,0.0022236970253288746
40,44,pousser_reetiq,0.001347615965642035
40,44,flot_cout_min,0.007017027004621923
40,45,ford_fulkerson,0.0009771859040483832
40,45,pousser_reetiq,0.0008854980114847422
40,45,flot_cout_min,0.004955847980454564
40,46,ford_fulkerson,0.000803799950517714
40,46,pousser_reetiq,0.0007953339954838157
40,46,flot_cout_min,0.006684883963316679
40,47,ford_fulkerson,0.0021110959351062775
40,47,pousser_reetiq,0.015159109025262296
40,47,flot_cout_min,0.010277324938215315
40,48,ford_fulkerson,0.0016328489873558283
40,48,pousser_reetiq,0.016565658035688102
40,48,flot_cout_min,0.00904788903426379
40,49,ford_fulkerson,0.0018452699296176434
40,49,pousser_reetiq,0.0148872509598732
40,49,flot_cout_min,0.014664708985947073
40,50,ford_fulkerson,0.0009425589814782143
40,50,pousser_reetiq,0.0011815340258181095
40,50,flot_cout_min,0.007849433925002813
40,51,ford_fulkerson,0.001212964067235589
40,51,pousser_reetiq,0.0009363869903609157
40,51,flot_cout_min,0.006541304988786578
40,52,ford_fulkerson,0.001097419997677207
40,52,pousser_reetiq,0.0007742029847577214
40,52,flot_cout_min,0.011196827981621027
40,53,ford_fulkerson,0.0011433899635449052
40,53,pousser_reetiq,0.0008615519618615508
40,53,flot_cout_min,0.009785639005713165
40,54,ford_fulkerson,0.0016929649282246828
40,54,pousser_reetiq,0.0008129470515996218
40,54,flot_cout_min,0.02659349807072431
40,55,ford_fulkerson,0.0017789429984986782
40,55,pousser_reetiq,0.0008659099694341421
40,55,flot_cout_min,0.016448990907520056
40,56,ford_fulkerson,0.0019673380302265286
40,56,pousser_reetiq,0.014585023978725076
40,56,flot_cout_min,0.012875868007540703
40,57,ford_fulkerson,0.0018460319843143225
40,57,pousser_reetiq,0.015236667939461768
40,57,flot_cout_min,0.009628947009332478
40,58,ford_fulkerson,0.0013851069379597902
40,58,pousser_reetiq,0.0009247949346899986
40,58,flot_cout_min,0.011261563980951905
40,59,ford_fulkerson,0.0005836839554831386
40,59,pousser_reetiq,0.000986102968454361
40,59,flot_cout_min,0.01103153801523149
40,60,ford_fulkerson,0.0011961309937760234
40,60,pousser_reetiq,0.0010714699747040868
40,60,flot_cout_min,0.02089808601886034
40,61,ford_fulkerson,0.0027171820402145386
40,61,pousser_reetiq,0.0009586710948497057
40,61,flot_cout_min,0.008974985918030143
40,62,ford_fulkerson,0.001399555942043662
40,62,pousser_reetiq,0.01639593904837966
40,62,flot_cout_min,0.008210262982174754
40,63,ford_fulkerson,0.001480974955484271
40,63,pousser_reetiq,0.015235987026244402
40,63,flot_cout_min,0.01853423798456788
40,64,ford_fulkerson,0.0012324209092184901
40,64,pousser_reetiq,0.0009360960684716702
40,64,flot_cout_min,0.008479005075059831
40,65,ford_fulkerson,0.0012557459995150566
40,65,pousser_reetiq,0.0009173699654638767
40,65,flot_cout_min,0.0154407360823825
40,66,ford_fulkerson,0.0005151709774509072
40,66,pousser_reetiq,0.000645663938485086
40,66,flot_cout_min,0.0061860959976911545
40,67,ford_fulkerson,0.000840530963614583
40,67,pousser_reetiq,0.0009261060040444136
40,67,flot_cout_min,0.008294184925034642
40,68,ford_fulkerson,0.0013337678974494338
40,68,pousser_reetiq,0.0009484720649197698
40,68,flot_cout_min,0.010099679930135608
40,69,ford_fulkerson,0.0010455179726704955
40,69,pousser_reetiq,0.0008390590082854033
40,69,flot_cout_min,0.01202350202947855
40,70,ford_fulkerson,0.0025989640271291137
40,70,pousser_reetiq,0.013645059894770384
40,70,flot_cout_min,0.0081563969142735
40,71,ford_fulkerson,0.0016856900183483958
40,71,pousser_reetiq,0.015056269941851497
40,71,flot_cout_min,0.008184622973203659
40,72,ford_fulkerson,0.0018756899517029524
40,72,pousser_reetiq,0.014804210048168898
40,72,flot_cout_min,0.014981833985075355
40,73,ford_fulkerson,0.0018281779484823346
40,73,pousser_reetiq,0.01426602597348392
40,73,flot_cout_min,0.0075355739099904895
40,74,ford_fulkerson,0.0014855429762974381
40,74,pousser_reetiq,0.015161713934503496
40,74,flot_cout_min,0.00494327291380614
40,75,ford_fulkerson,0.0012825489975512028
40,75,pousser_reetiq,0.000910104950889945
40,75,flot_cout_min,0.009330476983450353
40,76,ford_fulkerson,0.0035519220400601625
40,76,pousser_reetiq,0.017761528957635164
40,76,flot_cout_min,0.011153684929013252
40,77,ford_fulkerson,0.002111447975039482
40,77,pousser_reetiq,0.015004449058324099
40,77,flot_cout_min,0.017449000966735184
40,78,ford_fulkerson,0.001606256002560258
40,78,pousser_reetiq,0.015322995954193175
40,78,flot_cout_min,0.008934727986343205
40,79,ford_fulkerson,0.001672887010499835
40,79,pousser_reetiq,0.014863503980450332
40,79,flot_cout_min,0.009652993059717119
40,80,ford_fulkerson,0.0014808829873800278
40,80,pousser_reetiq,0.016051820013672113
40,80,flot_cout_min,0.012312976061366498
40,81,ford_fulkerson,0.0018674640450626612
40,81,pousser_reetiq,0.01466342608910054
40,81,flot_cout_min,0.007988273981027305
40,82,ford_fulkerson,0.0011742289643734694
40,82,pousser_reetiq,0.000936086056753993
40,82,flot_cout_min,0.012222210061736405
40,83,ford_fulkerson,0.0007637219969183207
40,83,pousser_reetiq,0.0007676189998164773
40,83,flot_cout_min,0.0068655540235340595
40,84,ford_fulkerson,0.0017787220422178507
40,84,pousser_reetiq,0.015541611006483436
40,84,flot_cout_min,0.018517717020586133
40,85,ford_fulkerson,0.0009130729595199227
40,85,pousser_reetiq,0.01665907900314778
40,85,flot_cout_min,0.009289077017456293
40,86,ford_fulkerson,0.0007929089479148388
40,86,pousser_reetiq,0.0007500560022890568
40,86,flot_cout_min,0.009615460061468184
40,87,ford_fulkerson,0.0021576369181275368
40,87,pousser_reetiq,0.0008262330666184425
40,87,flot_cout_min,0.010684354929253459
40,88,ford_fulkerson,0.0009661149233579636
40,88,pousser_reetiq,0.0007520599756389856
40,88,flot_cout_min,0.01273789000697434
40,89,ford_fulkerson,0.0017504770075902343
40,89,pousser_reetiq,0.014624900999478996
40,89,flot_cout_min,0.040987271000631154
40,90,ford_fulkerson,0.001670563011430204
40,90,pousser_reetiq,0.016153087955899537
40,90,flot_cout_min,0.009326299070380628
40,91,ford_fulkerson,0.0016828570514917374
40,91,pousser_reetiq,0.01423304108902812
40,91,flot_cout_min,0.009809876908548176
40,92,ford_fulkerson,0.0013220859691500664
40,92,pousser_reetiq,0.0007164910202845931
40,92,flot_cout_min,0.01807831402402371
40,93,ford_fulkerson,0.0023948270827531815
40,93,pousser_reetiq,0.0008777929469943047
40,93,flot_cout_min,0.016249684034846723
40,94,ford_fulkerson,0.0019272789359092712
40,94,pousser_reetiq,0.0009260280057787895
40,94,flot_cout_min,0.017621195991523564
40,95,ford_fulkerson,0.0016551330918446183
40,95,pousser_reetiq,0.015335941920056939
40,95,flot_cout_min,0.0104909100336954
40,96,ford_fulkerson,0.001859158044680953
40,96,pousser_reetiq,0.0008441379759460688
40,96,flot_cout_min,0.013362362049520016
40,97,ford_fulkerson,0.0019916960736736655
40,97,pousser_reetiq,0.01646431104745716
40,97,flot_cout_min,0.009184663998894393
40,98,ford_fulkerson,0.0015842349966987967
40,98,pousser_reetiq,0.01681630394887179
40,98,flot_cout_min,0.010931174037978053
40,99,ford_fulkerson,0.001537884003482759
40,99,pousser_reetiq,0.015852042939513922
40,99,flot_cout_min,0.01369124895427376
100,0,ford_fulkerson,0.0232953280210495
100,0,pousser_reetiq,0.22934997698757797
100,0,flot_cout_min,0.11380179796833545
100,1,ford_fulkerson,0.018475163029506803
100,1,pousser_reetiq,0.0051300860941410065
100,1,flot_cout_min,0.06961135205347091
100,2,ford_fulkerson,0.012177180033177137
100,2,pousser_reetiq,0.005482529988512397
100,2,flot_cout_min,0.10127056099008769
100,3,ford_fulkerson,0.016729305032640696
100,3,pousser_reetiq,0.005781429936178029
100,3,flot_cout_min,0.16103658499196172
100,4,ford_fulkerson,0.02066286001354456
100,4,pousser_reetiq,0.24110565904993564
100,4,flot_cout_min,0.12057692697271705
100,5,ford_fulkerson,0.013540646992623806
100,5,pousser_reetiq,0.004858579020947218
100,5,flot_cout_min,0.07866126298904419
100,6,ford_fulkerson,0.015034436946734786
100,6,pousser_reetiq,0.004909366951324046
100,6,flot_cout_min,0.09870286704972386
100,7,ford_fulkerson,0.014397830003872514
100,7,pousser_reetiq,0.005461429012939334
100,7,flot_cout_min,0.15617649303749204
100,8,ford_fulkerson,0.010464539052918553
100,8,pousser_reetiq,0.00553254596889019
100,8,flot_cout_min,0.08137799601536244
100,9,ford_fulkerson,0.013943208032287657
100,9,pousser_reetiq,0.004947811015881598
100,9,flot_cout_min,0.1518667188938707
100,10,ford_fulkerson,0.019716701935976744
100,10,pousser_reetiq,0.254081591963768
100,10,flot_cout_min,0.14034527994226664
100,11,ford_fulkerson,0.016571568907238543
100,11,pousser_reetiq,0.006961941020563245
100,11,flot_cout_min,0.1062480800319463
100,12,ford_fulkerson,0.022484343964606524
100,12,pousser_reetiq,0.23955902003217489
100,12,flot_cout_min,0.11022876400966197
100,13,ford_fulkerson,0.018278952920809388
100,13,pousser_reetiq,0.24223488196730614
100,13,flot_cout_min,0.1146173820598051
100,14,ford_fulkerson,0.0155571810901165
100,14,pousser_reetiq,0.00537356804125011
100,14,flot_cout_min,0.12075494299642742
100,15,ford_fulkerson,0.017735359026119113
100,15,pousser_reetiq,0.23996868601534516
100,15,flot_cout_min,0.09621454891748726
100,16,ford_fulkerson,0.015959470998495817
100,16,pousser_reetiq,0.005726564093492925
100,16,flot_cout_min,0.12398149503860623
100,17,ford_fulkerson,0.0188173979986459
100,17,pousser_reetiq,0.255375704029575
100,17,flot_cout_min,0.14883858407847583
100,18,ford_fulkerson,0.017322137020528316
100,18,pousser_reetiq,0.00637881807051599
100,18,flot_cout_min,0.09345064498484135
100,19,ford_fulkerson,0.03606560092885047
100,19,pousser_reetiq,0.30733363796025515
100,19,flot_cout_min,0.08113360300194472
100,20,ford_fulkerson,0.022823001956567168
100,20,pousser_reetiq,0.21625975403003395
100,20,flot_cout_min,0.12005927402060479
100,21,ford_fulkerson,0.025370024028234184
100,21,pousser_reetiq,0.233554779086262
100,21,flot_cout_min,0.3550897960085422
100,22,ford_fulkerson,0.02309216489084065
100,22,pousser_reetiq,0.23228796105831861
100,22,flot_cout_min,0.07715123298112303
100,23,ford_fulkerson,0.012787817046046257
100,23,pousser_reetiq,0.006048177019692957
100,23,flot_cout_min,0.1389463759260252
100,24,ford_fulkerson,0.02175432606600225
100,24,pousser_reetiq,0.2708009019261226
100,24,flot_cout_min,0.17628792498726398
100,25,ford_fulkerson,0.019198186928406358
100,25,pousser_reetiq,0.2616152159171179
100,25,flot_cout_min,0.10044789488893002
100,26,ford_fulkerson,0.007656508940272033
100,26,pousser_reetiq,0.00463085703086108
100,26,flot_cout_min,0.1304979119449854
100,27,ford_fulkerson,0.022710913908667862
100,27,pousser_reetiq,0.23679595906287432
100,27,flot_cout_min,0.1259539530146867
100,28,ford_fulkerson,0.024479427025653422
100,28,pousser_reetiq,0.23818571690935642
100,28,flot_cout_min,0.09315277705900371
100,29,ford_fulkerson,0.01601840602234006
100,29,pousser_reetiq,0.0057706390507519245
100,29,flot_cout_min,0.11668686999473721
100,30,ford_fulkerson,0.01084017800167203
100,30,pousser_reetiq,0.004988721921108663
100,30,flot_cout_min,0.087832824094221
100,31,ford_fulkerson,0.02485199796501547
100,31,pousser_reetiq,0.2252827580086887
100,31,flot_cout_min,0.09539802500512451
100,32,ford_fulkerson,0.020818692981265485
100,32,pousser_reetiq,0.0059773309621959925
100,32,flot_cout_min,0.08495719300117344
100,33,ford_fulkerson,0.0195359030039981
100,33,pousser_reetiq,0.22335250105243176
100,33,flot_cout_min,0.13423574599437416
100,34,ford_fulkerson,0.02234241901896894
100,34,pousser_reetiq,0.006028709001839161
100,34,flot_cout_min,0.09672292706090957
100,35,ford_fulkerson,0.019723967066965997
100,35,pousser_reetiq,0.006164622958749533
100,35,flot_cout_min,0.12823695491533726
100,36,ford_fulkerson,0.015939392964355648
100,36,pousser_reetiq,0.005113653023727238
100,36,flot_cout_min,0.19111334695480764
100,37,ford_fulkerson,0.017801327048800886
100,37,pousser_reetiq,0.0058213070733472705
100,37,flot_cout_min,0.09759923699311912
100,38,ford_fulkerson,0.021796369925141335
100,38,pousser_reetiq,0.24957450106739998
100,38,flot_cout_min,0.09163812804035842
100,39,ford_fulkerson,0.019268153002485633
100,39,pousser_reetiq,0.255713724065572
100,39,flot_cout_min,0.25749912904575467
100,40,ford_fulkerson,0.017660513054579496
100,40,pousser_reetiq,0.005424005910754204
100,40,flot_cout_min,0.0973867749562487
100,41,ford_fulkerson,0.015162235009483993
100,41,pousser_reetiq,0.005268904962576926
100,41,flot_cout_min,0.13586288399528712
100,42,ford_fulkerson,0.021843101014383137
100,42,pousser_reetiq,0.006274947081692517
100,42,flot_cout_min,0.1156248290790245
100,43,ford_fulkerson,0.024609779007732868
100,43,pousser_reetiq,0.23791409109253436
100,43,flot_cout_min,0.09955755807459354
100,44,ford_fulkerson,0.013881289050914347
100,44,pousser_reetiq,0.0048029409954324365
100,44,flot_cout_min,0.07019081700127572
100,45,ford_fulkerson,0.019776939996518195
100,45,pousser_reetiq,0.23192436899989843
100,45,flot_cout_min,0.1691301059909165
100,46,ford_fulkerson,0.015309309936128557
100,46,pousser_reetiq,0.005177406943403184
100,46,flot_cout_min,0.059944762964732945
100,47,ford_fulkerson,0.013342201011255383
100,47,pousser_reetiq,0.005298654083162546
100,47,flot_cout_min,0.12242914398666471
100,48,ford_fulkerson,0.019130896078422666
100,48,pousser_reetiq,0.23059986799489707
100,48,flot_cout_min,0.19412086496595293
100,49,ford_fulkerson,0.014813668094575405
100,49,pousser_reetiq,0.25439365406055003
100,49,flot_cout_min,0.09291417594067752
100,50,ford_fulkerson,0.021227756049484015
100,50,pousser_reetiq,0.23299492592923343
100,50,flot_cout_min,0.10956839600112289
100,51,ford_fulkerson,0.015610644943080842
100,51,pousser_reetiq,0.00571723491884768
100,51,flot_cout_min,0.0976612779777497
100,52,ford_fulkerson,0.01803143206052482
100,52,pousser_reetiq,0.006078716949559748
100,52,flot_cout_min,0.07714930200017989
100,53,ford_fulkerson,0.018995433929376304
100,53,pousser_reetiq,0.23961366200819612
100,53,flot_cout_min,0.10211339802481234
100,54,ford_fulkerson,0.019647109089419246
100,54,pousser_reetiq,0.24439793708734214
100,54,flot_cout_min,0.08744590391870588
100,55,ford_fulkerson,0.028827585047110915
100,55,pousser_reetiq,0.21543259406462312
100,55,flot_cout_min,0.21310953598003834
100,56,ford_fulkerson,0.01967832795344293
100,56,pousser_reetiq,0.005458192084915936
100,56,flot_cout_min,0.13919157499913126
100,57,ford_fulkerson,0.022200944018550217
100,57,pousser_reetiq,0.2372679200489074
100,57,flot_cout_min,0.12286208604928106
100,58,ford_fulkerson,0.015420136041939259
100,58,pousser_reetiq,0.005182087072171271
100,58,flot_cout_min,0.08134107699152082
100,59,ford_fulkerson,0.015563613967970014
100,59,pousser_reetiq,0.0051739109912887216
100,59,flot_cout_min,0.09192547807469964
100,60,ford_fulkerson,0.023411373025737703
100,60,pousser_reetiq,0.25676038896199316
100,60,flot_cout_min,0.13432034093420953
100,61,ford_fulkerson,0.016884266980923712
100,61,pousser_reetiq,0.005690522957593203
100,61,flot_cout_min,0.08128992700949311
100,62,ford_fulkerson,0.022266674088314176
100,62,pousser_reetiq,0.24019185500219464
100,62,flot_cout_min,0.09120240400079638
100,63,ford_fulkerson,0.024319527088664472
100,63,pousser_reetiq,0.2265795769635588
100,63,flot_cout_min,0.09043683798518032
100,64,ford_fulkerson,0.021683011087588966
100,64,pousser_reetiq,0.005895931972190738
100,64,flot_cout_min,0.1445726789534092
100,65,ford_fulkerson,0.02108509000390768
100,65,pousser_reetiq,0.23150862602051347
100,65,flot_cout_min,0.08298610989004374
100,66,ford_fulkerson,0.024954869993962348
100,66,pousser_reetiq,0.00586854899302125
100,66,flot_cout_min,0.11557439307216555
100,67,ford_fulkerson,0.015996924019418657
100,67,pousser_reetiq,0.005589809035882354
100,67,flot_cout_min,0.08897145499940962
100,68,ford_fulkerson,0.017693027039058506
100,68,pousser_reetiq,0.2932888310169801
100,68,flot_cout_min,0.09663674992043525
100,69,ford_fulkerson,0.01680584589485079
100,69,pousser_reetiq,0.22478977497667074
100,69,flot_cout_min,0.08077172294724733
100,70,ford_fulkerson,0.023713279981166124
100,70,pousser_reetiq,0.24141035100910813
100,70,flot_cout_min,0.132589794928208
100,71,ford_fulkerson,0.022473703953437507
100,71,pousser_reetiq,0.23261948092840612
100,71,flot_cout_min,0.09991507395170629
100,72,ford_fulkerson,0.030578954028896987
100,72,pousser_reetiq,0.00572011002805084
100,72,flot_cout_min,0.14865320909302682
100,73,ford_fulkerson,0.01325738790910691
100,73,pousser_reetiq,0.0047646559542045
100,73,flot_cout_min,0.091085628955625
100,74,ford_fulkerson,0.017409436986781657
100,74,pousser_reetiq,0.24162716104183346
100,74,flot_cout_min,0.09484817099291831
100,75,ford_fulkerson,0.021771813044324517
100,75,pousser_reetiq,0.23672236292622983
100,75,flot_cout_min,0.1505699090193957
100,76,ford_fulkerson,0.021446521976031363
100,76,pousser_reetiq,0.005675403983332217
100,76,flot_cout_min,0.11295761505607516
100,77,ford_fulkerson,0.013695428031496704
100,77,pousser_reetiq,0.0048852210165932775
100,77,flot_cout_min,0.10777593904640526
100,78,ford_fulkerson,0.01872803398873657
100,78,pousser_reetiq,0.24638613895513117
100,78,flot_cout_min,0.12004953902214766
100,79,ford_fulkerson,0.023401784943416715
100,79,pousser_reetiq,0.23755046096630394
100,79,flot_cout_min,0.17806612106505781
100,80,ford_fulkerson,0.01952726603485644
100,80,pousser_reetiq,0.0058747699949890375
100,80,flot_cout_min,0.10740035097114742
100,81,ford_fulkerson,0.025256465072743595
100,81,pousser_reetiq,0.24952471000142395
100,81,flot_cout_min,0.07253903604578227
100,82,ford_fulkerson,0.009366428013890982
100,82,pousser_reetiq,0.004610117990523577
100,82,flot_cout_min,0.12387697701342404
100,83,ford_fulkerson,0.02307502191979438
100,83,pousser_reetiq,0.22223021008539945
100,83,flot_cout_min,0.29297718894667923
100,84,ford_fulkerson,0.02056877699214965
100,84,pousser_reetiq,0.2538106479914859
100,84,flot_cout_min,0.12771792092826217
100,85,ford_fulkerson,0.018784353975206614
100,85,pousser_reetiq,0.22236065298784524
100,85,flot_cout_min,0.10524334490764886
100,86,ford_fulkerson,0.01829658797942102
100,86,pousser_reetiq,0.005541383987292647
100,86,flot_cout_min,0.07761856296565384
100,87,ford_fulkerson,0.024954980006441474
100,87,pousser_reetiq,0.006122441031038761
100,87,flot_cout_min,0.08504196989815682
100,88,ford_fulkerson,0.02511228492949158
100,88,pousser_reetiq,0.22058990702498704
100,88,flot_cout_min,0.10059953201562166
100,89,ford_fulkerson,0.021524342009797692
100,89,pousser_reetiq,0.2432174209970981
100,89,flot_cout_min,0.09496383601799607
100,90,ford_fulkerson,0.022379892063327134
100,90,pousser_reetiq,0.23007126699667424
100,90,flot_cout_min,0.4857017790200189
100,91,ford_fulkerson,0.01868693600408733
100,91,pousser_reetiq,0.21715365001000464
100,91,flot_cout_min,0.09690693707671016
100,92,ford_fulkerson,0.012694346019998193
100,92,pousser_reetiq,0.004997638985514641
100,92,flot_cout_min,0.1358623169362545
100,93,ford_fulkerson,0.019612101023085415
100,93,pousser_reetiq,0.2378171019954607
100,93,flot_cout_min,0.09204138501081616
100,94,ford_fulkerson,0.016061110072769225
100,94,pousser_reetiq,0.005730530014261603
100,94,flot_cout_min,0.07797880400903523
100,95,ford_fulkerson,0.01975538895931095
100,95,pousser_reetiq,0.2535271500237286
100,95,flot_cout_min,0.09286142501514405
100,96,ford_fulkerson,0.030052831978537142
100,96,pousser_reetiq,0.22662866802420467
100,96,flot_cout_min,0.09092187194619328
100,97,ford_fulkerson,0.01693045604042709
100,97,pousser_reetiq,0.25513787602540106
100,97,flot_cout_min,0.09939831297378987
100,98,ford_fulkerson,0.023584840004332364
100,98,pousser_reetiq,0.2536520619178191
100,98,flot_cout_min,0.07494108902756125
100,99,ford_fulkerson,0.02286819100845605
100,99,pousser_reetiq,0.23140878591220826
100,99,flot_cout_min,0.10854592593386769
400,0,ford_fulkerson,1.1672271629795432
400,0,pousser_reetiq,0.10593763401266187
400,0,flot_cout_min,5.387972709024325
400,1,ford_fulkerson,1.1006297048879787
400,1,pousser_reetiq,0.11318182502873242
400,1,flot_cout_min,4.888288163929246
400,2,ford_fulkerson,1.2947194160660729
400,2,pousser_reetiq,17.49509732890874
400,2,flot_cout_min,4.598159770015627
400,3,ford_fulkerson,1.3458232440752909
400,3,pousser_reetiq,0.11497594299726188
400,3,flot_cout_min,5.287883620010689
400,4,ford_fulkerson,1.4229738969588652
400,4,pousser_reetiq,15.948697724961676
400,4,flot_cout_min,4.3648910850752145
400,5,ford_fulkerson,1.4500416360097006
400,5,pousser_reetiq,15.923240153933875
400,5,flot_cout_min,5.785552832996473
400,6,ford_fulkerson,1.4073534309864044
400,6,pousser_reetiq,16.56662463292014
400,6,flot_cout_min,4.325360440067016
400,7,ford_fulkerson,1.3015007610665634
400,7,pousser_reetiq,17.99305009294767
400,7,flot_cout_min,6.34934406389948
400,8,ford_fulkerson,1.4201907030073926
400,8,pousser_reetiq,16.578699124976993
400,8,flot_cout_min,5.386840232065879
400,9,ford_fulkerson,1.3380555589683354
400,9,pousser_reetiq,0.11754158604890108
400,9,flot_cout_min,4.6715290730353445
400,10,ford_fulkerson,1.5542380020488054
400,10,pousser_reetiq,16.172104296972975
400,10,flot_cout_min,5.5345271959668025
400,11,ford_fulkerson,1.3188011230668053
400,11,pousser_reetiq,16.00809266802389
400,11,flot_cout_min,15.12090961204376
400,12,ford_fulkerson,1.258330401033163
400,12,pousser_reetiq,0.11787564400583506
400,12,flot_cout_min,4.4418082339689136
400,13,ford_fulkerson,1.3104316720273346
400,13,pousser_reetiq,17.312848080997355
400,13,flot_cout_min,4.977740486036055
400,14,ford_fulkerson,1.3337954509770498
400,14,pousser_reetiq,0.11429223301820457
400,14,flot_cout_min,4.3718181470176205
400,15,ford_fulkerson,1.3218695319956169
400,15,pousser_reetiq,0.1284454370616004
400,15,flot_cout_min,5.757406571996398
400,16,ford_fulkerson,1.3851450409274548
400,16,pousser_reetiq,17.214579902938567
400,16,flot_cout_min,5.488480634987354
400,17,ford_fulkerson,1.2852269100258127
400,17,pousser_reetiq,16.739172505913302
400,17,flot_cout_min,4.510396667988971
400,18,ford_fulkerson,1.4343437330098823
400,18,pousser_reetiq,0.12070828501600772
400,18,flot_cout_min,4.426030769944191
400,19,ford_fulkerson,1.4147561009740457
400,19,pousser_reetiq,17.998623266932555
400,19,flot_cout_min,4.345453729038127
400,20,ford_fulkerson,1.3130301230121404
400,20,pousser_reetiq,17.287313316948712
400,20,flot_cout_min,6.100122062955052
400,21,ford_fulkerson,1.2447968269698322
400,21,pousser_reetiq,0.11744234105572104
400,21,flot_cout_min,4.578610779950395
400,22,ford_fulkerson,1.5365241559920833
400,22,pousser_reetiq,16.390415825066157
400,22,flot_cout_min,4.3411089410074055
400,23,ford_fulkerson,1.0796317029744387
400,23,pousser_reetiq,0.13695202791132033
400,23,flot_cout_min,4.240471372031607
400,24,ford_fulkerson,1.3940702349646017
400,24,pousser_reetiq,15.794195546070114
400,24,flot_cout_min,5.222287861048244
400,25,ford_fulkerson,1.418339974945411
400,25,pousser_reetiq,16.82529477402568
400,25,flot_cout_min,6.131403315928765
400,26,ford_fulkerson,1.444630358950235
400,26,pousser_reetiq,16.698312500026077
400,26,flot_cout_min,5.345744171063416
400,27,ford_fulkerson,1.0438595560844988
400,27,pousser_reetiq,0.1062939700204879
400,27,flot_cout_min,5.694937012041919
400,28,ford_fulkerson,1.4083651909604669
400,28,pousser_reetiq,17.153023501043208
400,28,flot_cout_min,5.341085557010956
400,29,ford_fulkerson,1.4792313490761444
400,29,pousser_reetiq,17.761318734963425
400,29,flot_cout_min,4.091819235007279
400,30,ford_fulkerson,1.565690440009348
400,30,pousser_reetiq,14.892604124965146
400,30,flot_cout_min,6.031210197950713
400,31,ford_fulkerson,0.9527763039804995
400,31,pousser_reetiq,0.10449635400436819
400,31,flot_cout_min,5.158119029016234
400,32,ford_fulkerson,1.3407438050489873
400,32,pousser_reetiq,0.11058207997120917
400,32,flot_cout_min,4.7636733870022
400,33,ford_fulkerson,1.213437192956917
400,33,pousser_reetiq,0.11592924199067056
400,33,flot_cout_min,5.109461482963525
400,34,ford_fulkerson,1.170020779944025
400,34,pousser_reetiq,0.12019358098041266
400,34,flot_cout_min,4.554636258981191
400,35,ford_fulkerson,1.391542413039133
400,35,pousser_reetiq,18.079617772018537
400,35,flot_cout_min,4.850965452962555
400,36,ford_fulkerson,1.4360921490006149
400,36,pousser_reetiq,16.939327767002396
400,36,flot_cout_min,4.706259332015179
400,37,ford_fulkerson,1.4886684289667755
400,37,pousser_reetiq,17.796648830990307
400,37,flot_cout_min,4.636367080034688
400,38,ford_fulkerson,1.5181762849679217
400,38,pousser_reetiq,16.8782717960421
400,38,flot_cout_min,4.83019605698064
400,39,ford_fulkerson,1.424013571930118
400,39,pousser_reetiq,16.80935995595064
400,39,flot_cout_min,4.820872941054404
400,40,ford_fulkerson,1.332636303966865
400,40,pousser_reetiq,0.11020597803872079
400,40,flot_cout_min,5.398377357982099
400,41,ford_fulkerson,1.1529670710442588
400,41,pousser_reetiq,0.1286782620009035
400,41,flot_cout_min,5.320826546987519
400,42,ford_fulkerson,1.412061693961732
400,42,pousser_reetiq,0.11070486903190613
400,42,flot_cout_min,6.5085225980728865
400,43,ford_fulkerson,1.3518029790138826
400,43,pousser_reetiq,17.116568105993792
400,43,flot_cout_min,5.158804140985012
400,44,ford_fulkerson,1.4836594690568745
400,44,pousser_reetiq,18.804811195936054
400,44,flot_cout_min,6.705288360011764
400,45,ford_fulkerson,1.3001273609697819
400,45,pousser_reetiq,18.130057892994955
400,45,flot_cout_min,5.233679856057279
400,46,ford_fulkerson,1.497394161997363
400,46,pousser_reetiq,17.19873619999271
400,46,flot_cout_min,4.660731425974518
400,47,ford_fulkerson,1.276241950923577
400,47,pousser_reetiq,0.11838463298045099
400,47,flot_cout_min,5.421689584036358
400,48,ford_fulkerson,1.183145689079538
400,48,pousser_reetiq,0.10839234292507172
400,48,flot_cout_min,5.451422585058026
400,49,ford_fulkerson,1.117003686958924
400,49,pousser_reetiq,0.11350278498139232
400,49,flot_cout_min,4.385529048973694
400,50,ford_fulkerson,1.2565024360083044
400,50,pousser_reetiq,0.11071082507260144
400,50,flot_cout_min,5.685738714993931
400,51,ford_fulkerson,1.1898842200171202
400,51,pousser_reetiq,0.10677812003996223
400,51,flot_cout_min,5.135032774065621
400,52,ford_fulkerson,1.3833266920410097
400,52,pousser_reetiq,0.12576834997162223
400,52,flot_cout_min,6.585388067993335
400,53,ford_fulkerson,1.1357749630697072
400,53,pousser_reetiq,0.11012773402035236
400,53,flot_cout_min,5.314570656046271
400,54,ford_fulkerson,1.4731768140336499
400,54,pousser_reetiq,17.092416436993517
400,54,flot_cout_min,6.445047953049652
400,55,ford_fulkerson,1.3676965750055388
400,55,pousser_reetiq,18.16027180897072
400,55,flot_cout_min,5.039586166967638
400,56,ford_fulkerson,1.2933908980339766
400,56,pousser_reetiq,0.11174375307746232
400,56,flot_cout_min,4.819488771026954
400,57,ford_fulkerson,1.5207422690000385
400,57,pousser_reetiq,17.156798528973013
400,57,flot_cout_min,5.7472983939806
400,58,ford_fulkerson,1.331639940966852
400,58,pousser_reetiq,18.285779805970378
400,58,flot_cout_min,5.49678250704892
400,59,ford_fulkerson,1.1282586550805718
400,59,pousser_reetiq,0.1239631490316242
400,59,flot_cout_min,5.675660454086028
400,60,ford_fulkerson,1.2503379300469533
400,60,pousser_reetiq,0.11907762405462563
400,60,flot_cout_min,5.173452659975737
400,61,ford_fulkerson,1.046773964073509
400,61,pousser_reetiq,0.10588384803850204
400,61,flot_cout_min,4.53385277709458
400,62,ford_fulkerson,1.275633045937866
400,62,pousser_reetiq,0.13292497897055
400,62,flot_cout_min,5.788469218998216
400,63,ford_fulkerson,1.3917252480750903
400,63,pousser_reetiq,17.17255312995985
400,63,flot_cout_min,5.133274128078483
400,64,ford_fulkerson,1.3123768660007045
400,64,pousser_reetiq,0.10904288210440427
400,64,flot_cout_min,5.96072794997599
400,65,ford_fulkerson,1.4294358550105244
400,65,pousser_reetiq,0.11167373997159302
400,65,flot_cout_min,5.544244495918974
400,66,ford_fulkerson,1.3022162839770317
400,66,pousser_reetiq,0.11382185097318143
400,66,flot_cout_min,6.048870926955715
400,67,ford_fulkerson,1.381135010975413
400,67,pousser_reetiq,17.39310321607627
400,67,flot_cout_min,5.6014484600164
400,68,ford_fulkerson,1.4063705339794978
400,68,pousser_reetiq,0.12072489492129534
400,68,flot_cout_min,4.560498178936541
400,69,ford_fulkerson,1.3697347959969193
400,69,pousser_reetiq,16.461141941021197
400,69,flot_cout_min,5.718129548011348
400,70,ford_fulkerson,0.9239054740173742
400,70,pousser_reetiq,0.09738588100299239
400,70,flot_cout_min,6.231494189007208
400,71,ford_fulkerson,1.3739921000087634
400,71,pousser_reetiq,0.12017051898874342
400,71,flot_cout_min,6.160471272072755
400,72,ford_fulkerson,1.0489830740261823
400,72,pousser_reetiq,0.10663116094656289
400,72,flot_cout_min,4.984889625106007
400,73,ford_fulkerson,1.059396903961897
400,73,pousser_reetiq,0.09997856605332345
400,73,flot_cout_min,5.462936645024456
400,74,ford_fulkerson,1.3261501590022817
400,74,pousser_reetiq,16.098926269100048
400,74,flot_cout_min,5.358098967000842
400,75,ford_fulkerson,1.4000131729990244
400,75,pousser_reetiq,0.12638006708584726
400,75,flot_cout_min,4.46368749497924
400,76,ford_fulkerson,1.493466992978938
400,76,pousser_reetiq,17.685915497946553
400,76,flot_cout_min,4.7462904889835045
400,77,ford_fulkerson,1.2618250959785655
400,77,pousser_reetiq,0.10581651993561536
400,77,flot_cout_min,5.731606035027653
400,78,ford_fulkerson,1.3167457999661565
400,78,pousser_reetiq,17.78752330702264
400,78,flot_cout_min,5.154863892006688
400,79,ford_fulkerson,1.2993540189927444
400,79,pousser_reetiq,0.1125243459828198
400,79,flot_cout_min,4.885787532897666
400,80,ford_fulkerson,1.337477770051919
400,80,pousser_reetiq,0.11509129905607551
400,80,flot_cout_min,5.4319977830164135
400,81,ford_fulkerson,1.4244653549976647
400,81,pousser_reetiq,16.49897753004916
400,81,flot_cout_min,5.469213447999209
400,82,ford_fulkerson,1.4233504160074517
400,82,pousser_reetiq,17.19504992396105
400,82,flot_cout_min,5.9615740809822455
400,83,ford_fulkerson,1.38693089899607
400,83,pousser_reetiq,15.856589136063121
400,83,flot_cout_min,4.4995742730097845
400,84,ford_fulkerson,1.368386716931127
400,84,pousser_reetiq,15.33464483206626
400,84,flot_cout_min,4.9407780359033495
400,85,ford_fulkerson,1.2953017280669883
400,85,pousser_reetiq,16.48498429299798
400,85,flot_cout_min,4.755551984999329
400,86,ford_fulkerson,1.4418392090592533
400,86,pousser_reetiq,17.03102466010023
400,86,flot_cout_min,4.738499748986214
400,87,ford_fulkerson,1.1171729800989851
400,87,pousser_reetiq,0.11168573901522905
400,87,flot_cout_min,5.367843749001622
400,88,ford_fulkerson,1.5181774819502607
400,88,pousser_reetiq,17.820296741905622
400,88,flot_cout_min,5.566404079901986
400,89,ford_fulkerson,1.4594626850448549
400,89,pousser_reetiq,18.468630189076066
400,89,flot_cout_min,5.626335746026598
400,90,ford_fulkerson,1.3635006700642407
400,90,pousser_reetiq,17.285800724988803
400,90,flot_cout_min,4.60937840200495
400,91,ford_fulkerson,1.35331827995833
400,91,pousser_reetiq,16.227996493922547
400,91,flot_cout_min,6.621131011052057
400,92,ford_fulkerson,0.9593398290453479
400,92,pousser_reetiq,0.1129885099362582
400,92,flot_cout_min,5.044884139089845
400,93,ford_fulkerson,1.3090915540233254
400,93,pousser_reetiq,0.11483721889089793
400,93,flot_cout_min,5.894805804011412
400,94,ford_fulkerson,1.2769136069109663
400,94,pousser_reetiq,16.968274234910496
400,94,flot_cout_min,7.372028089012019
400,95,ford_fulkerson,1.4225846470799297
400,95,pousser_reetiq,17.322282708017156
400,95,flot_cout_min,4.160629044054076
400,96,ford_fulkerson,1.4329488630173728
400,96,pousser_reetiq,16.025940250023268
400,96,flot_cout_min,4.621897628996521
400,97,ford_fulkerson,1.4300627820193768
400,97,pousser_reetiq,16.125003112014383
400,97,flot_cout_min,5.394488775986247
400,98,ford_fulkerson,1.4631343460641801
400,98,pousser_reetiq,0.12167470098938793
400,98,flot_cout_min,4.1104117929935455
400,99,ford_fulkerson,1.451483145938255
400,99,pousser_reetiq,16.658222247031517
400,99,flot_cout_min,4.463955741957761
1000,0,ford_fulkerson,22.133323604008183
1000,0,pousser_reetiq,293.8893742430955
1000,0,flot_cout_min,85.35278979199938
1000,1,ford_fulkerson,21.666407195967622
1000,1,pousser_reetiq,0.879507135017775
1000,1,flot_cout_min,79.0841828690609
1000,2,ford_fulkerson,24.153743552044034
1000,2,pousser_reetiq,0.9141740939812735
1000,2,flot_cout_min,80.66028020496015
1000,3,ford_fulkerson,22.78659875493031
1000,3,pousser_reetiq,289.5894833339844
1000,3,flot_cout_min,84.44494601199403
1000,4,ford_fulkerson,23.22632039396558
1000,4,pousser_reetiq,0.9525848560733721
1000,4,flot_cout_min,76.7642374120187
1000,5,ford_fulkerson,20.093127065105364
1000,5,pousser_reetiq,0.8782098469091579
1000,5,flot_cout_min,83.52465981198475
1000,6,ford_fulkerson,19.621967590996064
1000,6,pousser_reetiq,0.8979755690088496
1000,6,flot_cout_min,76.1118358799722
1000,7,ford_fulkerson,23.521459990064614
1000,7,pousser_reetiq,298.8582435620483
1000,7,flot_cout_min,80.21193201804999
1000,8,ford_fulkerson,22.704697436071
1000,8,pousser_reetiq,303.46605068608187
1000,8,flot_cout_min,76.11378226801753
1000,9,ford_fulkerson,21.781253280933015
1000,9,pousser_reetiq,1.0146705759689212
1000,9,flot_cout_min,76.68815005291253
1000,10,ford_fulkerson,21.000157791073434
1000,10,pousser_reetiq,0.904040559893474
1000,10,flot_cout_min,79.09099792595953
1000,11,ford_fulkerson,18.834227698040195
1000,11,pousser_reetiq,0.8576982220401987
1000,11,flot_cout_min,74.79764845711179
1000,12,ford_fulkerson,19.409939046017826
1000,12,pousser_reetiq,0.9111004499718547
1000,12,flot_cout_min,77.6894743309822
1000,13,ford_fulkerson,20.942535073962063
1000,13,pousser_reetiq,0.8292024859692901
1000,13,flot_cout_min,79.55568195902742
1000,14,ford_fulkerson,24.035406925017014
1000,14,pousser_reetiq,261.46356935508084
1000,14,flot_cout_min,87.10234502295498
1000,15,ford_fulkerson,21.82333727797959
1000,15,pousser_reetiq,305.762930991943
1000,15,flot_cout_min,78.91090307408012
1000,16,ford_fulkerson,22.212070981040597
1000,16,pousser_reetiq,294.56551542994566
1000,16,flot_cout_min,71.05179241893347
1000,17,ford_fulkerson,22.900831454084255
1000,17,pousser_reetiq,304.7687660510419
1000,17,flot_cout_min,78.40130982291885
1000,18,ford_fulkerson,21.589611854986288
1000,18,pousser_reetiq,0.9480485289823264
1000,18,flot_cout_min,83.05855489696842
1000,19,ford_fulkerson,24.490024561993778
1000,19,pousser_reetiq,268.5779885110678
1000,19,flot_cout_min,145.30334619199857
1000,20,ford_fulkerson,22.53275602008216
1000,20,pousser_reetiq,291.9391444380162
1000,20,flot_cout_min,80.47199744300451
1000,21,ford_fulkerson,20.47503066097852
1000,21,pousser_reetiq,0.9183233989169821
1000,21,flot_cout_min,67.83158032398205
1000,22,ford_fulkerson,22.61906239099335
1000,22,pousser_reetiq,266.37376867001876
1000,22,flot_cout_min,77.27852298901416
1000,23,ford_fulkerson,16.75112850300502
1000,23,pousser_reetiq,0.8685633819550276
1000,23,flot_cout_min,82.79609546298161
1000,24,ford_fulkerson,22.380655008018948
1000,24,pousser_reetiq,0.9475978529080749
1000,24,flot_cout_min,77.74705795198679
1000,25,ford_fulkerson,20.792609867989086
1000,25,pousser_reetiq,309.47448036505375
1000,25,flot_cout_min,80.1027761369478
1000,26,ford_fulkerson,23.097129436093383
1000,26,pousser_reetiq,0.9177307250211015
1000,26,flot_cout_min,78.1789501500316
1000,27,ford_fulkerson,21.607124184956774
1000,27,pousser_reetiq,0.9112898290622979
1000,27,flot_cout_min,78.62874187994748
1000,28,ford_fulkerson,23.668862666003406
1000,28,pousser_reetiq,275.75304158905055
1000,28,flot_cout_min,88.77210027794354
1000,29,ford_fulkerson,21.7540430839872
1000,29,pousser_reetiq,294.0761017759796
1000,29,flot_cout_min,78.37570381397381
1000,30,ford_fulkerson,20.69310754095204
1000,30,pousser_reetiq,0.9340813939925283
1000,30,flot_cout_min,73.19998078304343
1000,31,ford_fulkerson,18.415077364072204
1000,31,pousser_reetiq,0.8976858620299026
1000,31,flot_cout_min,79.22955600405112
1000,32,ford_fulkerson,23.353506966959685
1000,32,pousser_reetiq,298.1659666050691
1000,32,flot_cout_min,74.25332881696522
1000,33,ford_fulkerson,22.41317262907978
1000,33,pousser_reetiq,261.01344066800084
1000,33,flot_cout_min,70.45367667602841
1000,34,ford_fulkerson,23.422907843021676
1000,34,pousser_reetiq,266.5513989420142
1000,34,flot_cout_min,70.2965721799992
1000,35,ford_fulkerson,22.427204080973752
1000,35,pousser_reetiq,283.2102621640079
1000,35,flot_cout_min,77.25791725702584
1000,36,ford_fulkerson,22.506596654071473
1000,36,pousser_reetiq,286.18128845107276
1000,36,flot_cout_min,71.4914347199956
1000,37,ford_fulkerson,22.841338659985922
1000,37,pousser_reetiq,287.3348118859576
1000,37,flot_cout_min,69.00773985707201
1000,38,ford_fulkerson,21.32261988800019
1000,38,pousser_reetiq,0.9356510529760271
1000,38,flot_cout_min,81.0589251780184
1000,39,ford_fulkerson,21.93501044693403
1000,39,pousser_reetiq,295.7919485409511
1000,39,flot_cout_min,74.93875295005273
1000,40,ford_fulkerson,21.036471507977694
1000,40,pousser_reetiq,0.831650106003508
1000,40,flot_cout_min,75.93971598497592
1000,41,ford_fulkerson,23.09656732599251
1000,41,pousser_reetiq,277.856687656953
1000,41,flot_cout_min,71.99483787699137
1000,42,ford_fulkerson,23.710920718032867
1000,42,pousser_reetiq,0.965041799005121
1000,42,flot_cout_min,81.40266499994323
1000,43,ford_fulkerson,22.260675846016966
1000,43,pousser_reetiq,309.18172665603925
1000,43,flot_cout_min,82.82508248800877
1000,44,ford_fulkerson,20.99963164702058
1000,44,pousser_reetiq,0.8583328539971262
1000,44,flot_cout_min,79.29786965192761
1000,45,ford_fulkerson,19.879867661977187
1000,45,pousser_reetiq,0.8743110100040212
1000,45,flot_cout_min,71.27701386599801
1000,46,ford_fulkerson,19.547578369034454
1000,46,pousser_reetiq,0.8969777390593663
1000,46,flot_cout_min,69.8204867739696
1000,47,ford_fulkerson,22.59282068896573
1000,47,pousser_reetiq,283.33838972309604
1000,47,flot_cout_min,75.15285902796313
1000,48,ford_fulkerson,22.878052933025174
1000,48,pousser_reetiq,295.69506432593334
1000,48,flot_cout_min,67.58676155703142
1000,49,ford_fulkerson,23.82653189904522
1000,49,pousser_reetiq,313.9568437580019
1000,49,flot_cout_min,76.78095930593554
1000,50,ford_fulkerson,21.214788555982523
1000,50,pousser_reetiq,0.9082563280826434
1000,50,flot_cout_min,74.99601905199233
1000,51,ford_fulkerson,21.1295678159222
1000,51,pousser_reetiq,0.8895991009194404
1000,51,flot_cout_min,73.62854943599086
1000,52,ford_fulkerson,22.498181832954288
1000,52,pousser_reetiq,304.0216875739861
1000,52,flot_cout_min,71.18261285696644
1000,53,ford_fulkerson,22.718096783966757
1000,53,pousser_reetiq,314.73404343798757
1000,53,flot_cout_min,75.51230055291671
1000,54,ford_fulkerson,22.188271299004555
1000,54,pousser_reetiq,0.9537055499386042
1000,54,flot_cout_min,206.34873255796265
1000,55,ford_fulkerson,23.673684993060306
1000,55,pousser_reetiq,285.59699795697816
1000,55,flot_cout_min,79.28210467100143
1000,56,ford_fulkerson,23.476405024994165
1000,56,pousser_reetiq,298.4173784330487
1000,56,flot_cout_min,81.82730102096684
1000,57,ford_fulkerson,22.344557114993222
1000,57,pousser_reetiq,0.9071673629805446
1000,57,flot_cout_min,82.274623044068
1000,58,ford_fulkerson,21.966699231998064
1000,58,pousser_reetiq,1.1090361160458997
1000,58,flot_cout_min,83.15011416107882
1000,59,ford_fulkerson,23.805304885027
1000,59,pousser_reetiq,287.36277438199613
1000,59,flot_cout_min,79.40448742802255
1000,60,ford_fulkerson,23.345084368949756
1000,60,pousser_reetiq,312.51378919300623
1000,60,flot_cout_min,84.29340350208804
1000,61,ford_fulkerson,22.281703297048807
1000,61,pousser_reetiq,0.9623630669666454
1000,61,flot_cout_min,81.68843217997346
1000,62,ford_fulkerson,21.264658458996564
1000,62,pousser_reetiq,1.0460659549571574
1000,62,flot_cout_min,78.244633696042
1000,63,ford_fulkerson,25.128097623004578
1000,63,pousser_reetiq,321.6527339979075
1000,63,flot_cout_min,77.18101403792389
1000,64,ford_fulkerson,23.421174649032764
1000,64,pousser_reetiq,287.13686827092897
1000,64,flot_cout_min,77.62151719001122
1000,65,ford_fulkerson,19.458695414010435
1000,65,pousser_reetiq,0.905494219972752
1000,65,flot_cout_min,82.83483879594132
1000,66,ford_fulkerson,24.90806447993964
1000,66,pousser_reetiq,313.4401267860085
1000,66,flot_cout_min,81.76934632600751
1000,67,ford_fulkerson,22.306438239989802
1000,67,pousser_reetiq,0.8771733359899372
1000,67,flot_cout_min,70.00240969099104
1000,68,ford_fulkerson,24.218509772093967
1000,68,pousser_reetiq,316.6552720470354
1000,68,flot_cout_min,75.0156469149515
1000,69,ford_fulkerson,23.711526990984567
1000,69,pousser_reetiq,294.23138450901024
1000,69,flot_cout_min,83.45185126597062
1000,70,ford_fulkerson,23.9809953130316
1000,70,pousser_reetiq,303.51229002699256
1000,70,flot_cout_min,74.98800011607818
1000,71,ford_fulkerson,24.987527174060233
1000,71,pousser_reetiq,272.892344573047
1000,71,flot_cout_min,72.72609870892484
1000,72,ford_fulkerson,22.03218579303939
1000,72,pousser_reetiq,0.923739452031441
1000,72,flot_cout_min,80.81714248808566
1000,73,ford_fulkerson,23.76947774598375
1000,73,pousser_reetiq,291.6505763999885
1000,73,flot_cout_min,74.78478547697887
1000,74,ford_fulkerson,23.159131544991396
1000,74,pousser_reetiq,315.8447099659825
1000,74,flot_cout_min,71.13783612195402
1000,75,ford_fulkerson,21.58934416703414
1000,75,pousser_reetiq,0.9195253018988296
1000,75,flot_cout_min,72.8657047440065
1000,76,ford_fulkerson,25.5047061619116
1000,76,pousser_reetiq,280.9594990850892
1000,76,flot_cout_min,80.31445619603619
1000,77,ford_fulkerson,20.531980147003196
1000,77,pousser_reetiq,0.9028740549692884
1000,77,flot_cout_min,73.6478524269769
1000,78,ford_fulkerson,21.799854603945278
1000,78,pousser_reetiq,0.8847752830479294
1000,78,flot_cout_min,78.30290737294126
1000,79,ford_fulkerson,22.326482253032736
1000,79,pousser_reetiq,0.9533928500022739
1000,79,flot_cout_min,78.65765347401612
1000,80,ford_fulkerson,20.55378308100626
1000,80,pousser_reetiq,0.9604800560045987
1000,80,flot_cout_min,88.49784507195
1000,81,ford_fulkerson,23.54760431998875
1000,81,pousser_reetiq,268.47893868293613
1000,81,flot_cout_min,83.35387886699755
1000,82,ford_fulkerson,23.890442807925865
1000,82,pousser_reetiq,307.661580496002
1000,82,flot_cout_min,80.00410372496117
1000,83,ford_fulkerson,20.77092410903424
1000,83,pousser_reetiq,0.943814645987004
1000,83,flot_cout_min,70.35300032398663
1000,84,ford_fulkerson,22.08202105597593
1000,84,pousser_reetiq,0.9743523980723694
1000,84,flot_cout_min,86.59537792997435
1000,85,ford_fulkerson,24.537102599977516
1000,85,pousser_reetiq,305.5107598679606
1000,85,flot_cout_min,80.98680242197588
1000,86,ford_fulkerson,23.74896689702291
1000,86,pousser_reetiq,0.9503916709218174
1000,86,flot_cout_min,88.92890180402901
1000,87,ford_fulkerson,23.46547012391966
1000,87,pousser_reetiq,269.5498862450477
1000,87,flot_cout_min,78.05593376897741
1000,88,ford_fulkerson,24.104484478011727
1000,88,pousser_reetiq,1.0553222310263664
1000,88,flot_cout_min,79.31805002701003
1000,89,ford_fulkerson,24.38729808095377
1000,89,pousser_reetiq,297.44981556991115
1000,89,flot_cout_min,83.23661441996228
1000,90,ford_fulkerson,23.840886764926836
1000,90,pousser_reetiq,302.17349188006483
1000,90,flot_cout_min,82.84723062603734
1000,91,ford_fulkerson,23.405498504987918
1000,91,pousser_reetiq,0.9164708119351417
1000,91,flot_cout_min,82.69913309894037
1000,92,ford_fulkerson,25.292645025998354
1000,92,pousser_reetiq,0.961213022004813
1000,92,flot_cout_min,71.53659941907972
1000,93,ford_fulkerson,24.14250252500642
1000,93,pousser_reetiq,340.4018444509711
1000,93,flot_cout_min,85.85313804401085
1000,94,ford_fulkerson,24.668887031963095
1000,94,pousser_reetiq,282.7075492190197
1000,94,flot_cout_min,78.3717361500021
1000,95,ford_fulkerson,23.342742586042732
1000,95,pousser_reetiq,0.9817870940314606
1000,95,flot_cout_min,74.80229235708248
1000,96,ford_fulkerson,23.83676191791892
1000,96,pousser_reetiq,307.9106589650037
1000,96,flot_cout_min,84.52860883902758
1000,97,ford_fulkerson,22.951072450960055
1000,97,pousser_reetiq,0.9760175499832258
1000,97,flot_cout_min,84.23284742899705
1000,98,ford_fulkerson,24.049285768996924
1000,98,pousser_reetiq,1.0445588799193501
1000,98,flot_cout_min,84.13361570995767
1000,99,ford_fulkerson,25.666878000018187
1000,99,pousser_reetiq,269.2687650999287
1000,99,flot_cout_min,75.62703931797296
4000,0,ford_fulkerson,1555.6131652639015
